Circle_No,Circle_Title,Main_Road_Boundaries,Key_Landmarks,Road_Length_KM,Road_Segments,Wards_Included,Split_Status,Daroga_Incharge,Designation,Mobile_Number,Sweepers_Deployed,Daily_Target_Meters_Per_Sweeper,Equipment_Vehicles,Shift
Circle 01,Circle 01 - Delhi Road Corridor & Sector 4 Outer Ring,Delhi Road Corridor & Sector 4 Outer Ring,"Delhi Road, Hansi Road Link, Sector 4 Outer",14.925,222,Ward 13,Yes,Sunil Kumar,Sanitary Daroga,98120-41001,12,1240,"1 Tractor-Trolley, 8 Hand-Carts",Morning (06:00 AM - 02:00 PM)
Circle 02,Circle 02 - Dharuhera Road Radial & Northern Outskirts,Dharuhera Road Radial & Northern Outskirts,"Dharuhera Road, Phidedi Bypass Link",14.864,92,Ward 13,Yes,Rajesh Sharma,Sanitary Daroga,98120-41002,12,1235,"1 Tipper, 8 Hand-Carts",Morning (06:00 AM - 02:00 PM)
Circle 03,Circle 03 - NH-919 Highway Corridor & Eastern Peripheral,NH-919 Highway Corridor & Eastern Peripheral,"NH-919, Phidedi Approach Road",14.065,235,Ward 12,Yes,Vikram Singh,Sanitary Daroga,98120-41003,11,1275,"1 Tractor-Trolley, 7 Hand-Carts",Morning (06:00 AM - 02:00 PM)
Circle 04,Circle 04 - Housing Board Colony & Sector 1 Main Road,Housing Board Colony & Sector 1 Main Road,"Housing Board Main Road, Delhi Road South",14.119,182,Ward 12,Yes,Satish Yadav,Sanitary Daroga,98120-41004,11,1280,"1 Tipper, 8 Hand-Carts",Morning (06:00 AM - 02:00 PM)
Circle 05,Circle 05 - Subhash Basti & New Anaj Mandi North,Subhash Basti & New Anaj Mandi North,"New Anaj Mandi Road, Railway Overbridge Approach",13.898,160,Ward 12,Yes,Rameshwar Dayal,Sanitary Inspector,98120-41005,11,1260,"1 Tipper, 7 Hand-Carts",Morning (06:00 AM - 02:00 PM)
Circle 06,Circle 06 - Bawal Road Industrial Corridor & Sector 3,Bawal Road Industrial Corridor & Sector 3,"Bawal Road, Sector 3 Main Road, NH-48 Link",15.261,203,Ward 11,Yes,Sanjay Kumar,Sanitary Daroga,98120-41006,12,1270,"1 Tractor-Trolley, 9 Hand-Carts",Morning (06:00 AM - 02:00 PM)
Circle 07,Circle 07 - Model Town South & Central Park Corridor,Model Town South & Central Park Corridor,"Model Town Main Boulevard, Bawal Road North",15.219,263,Ward 11,Yes,Ashok Kumar,Sanitary Daroga,98120-41007,12,1265,"1 Tipper, 8 Hand-Carts",Morning (06:00 AM - 02:00 PM)
Circle 08,Circle 08 - Model Town Core Block A/B & Shopping Center,Model Town Core Block A/B & Shopping Center,"Model Town Road, HUDA Complex",15.165,239,Ward 11,Yes,Rakesh Kumar,Sanitary Inspector,98120-41008,12,1260,"1 Tipper, 9 Hand-Carts",Morning (06:00 AM - 02:00 PM)
Circle 09,Circle 09 - Brass Market & Commercial Plaza Hub,Brass Market & Commercial Plaza Hub,"Circular Road South, Brass Market Road, Jhajjar Road Link",15.119,223,Ward 6,Yes,Manoj Kumar,Sanitary Daroga,98120-41009,12,1260,"1 Auto-Tipper, 8 Hand-Carts",Morning (06:00 AM - 02:00 PM)
Circle 10,Circle 10 - Konsiwas Road & Southern Municipal Border,Konsiwas Road & Southern Municipal Border,"Konsiwas Road, Railway Crossing Link",15.164,240,Ward 19,Yes,Naresh Kumar,Sanitary Daroga,98120-41010,12,1265,"1 Tractor-Trolley, 8 Hand-Carts",Morning (06:00 AM - 02:00 PM)
Circle 11,Circle 11 - Jhajjar Road North & Outer Octroi Zone,Jhajjar Road North & Outer Octroi Zone,"Jhajjar Road, Subhash Nagar Main Road",15.512,254,Ward 31,No,Dinesh Yadav,Sanitary Daroga,98120-41011,12,1290,"1 Tipper, 8 Hand-Carts",Morning (06:00 AM - 02:00 PM)
Circle 12,Circle 12 - Western Bypass Corridor & Rampura Link,Western Bypass Corridor & Rampura Link,"Rewari Western Bypass, Rampura Road",15.234,199,Ward 30,Yes,Surender Singh,Sanitary Daroga,98120-41012,12,1270,"1 Tractor-Trolley, 8 Hand-Carts",Morning (06:00 AM - 02:00 PM)
Circle 13,Circle 13 - Mahendragarh Road & Rampura Gate,Mahendragarh Road & Rampura Gate,"Mahendragarh Highway, Rampura Flyover",15.237,240,"Ward 30, Ward 32",Yes,Mukesh Kumar,Sanitary Daroga,98120-41013,12,1270,"1 Tipper, 8 Hand-Carts",Morning (06:00 AM - 02:00 PM)
Circle 14,Circle 14 - Kaluwas Approach & North-West Agricultural Ring,Kaluwas Approach & North-West Agricultural Ring,"Kaluwas Road, Western Bypass North",14.796,269,"Ward 29, Ward 32",Yes,Ajay Sharma,Sanitary Daroga,98120-41014,12,1230,"1 Tractor-Trolley, 8 Hand-Carts",Morning (06:00 AM - 02:00 PM)
Circle 15,Circle 15 - Garhi Bolni Road & South-West Peripheral,Garhi Bolni Road & South-West Peripheral,"Garhi Bolni Road, Narnaul Road Link",15.285,241,"Ward 21, Ward 22",Yes,Praveen Yadav,Sanitary Daroga,98120-41015,12,1270,"1 Tipper, 8 Hand-Carts",Morning (06:00 AM - 02:00 PM)
Circle 16,Circle 16 - Narnaul Road Corridor & Southern Spine,Narnaul Road Corridor & Southern Spine,"Narnaul Highway, Railway Siding West",15.766,267,Ward 21,Yes,Amit Kumar,Sanitary Daroga,98120-41016,12,1310,"1 Tipper, 8 Hand-Carts",Morning (06:00 AM - 02:00 PM)
Circle 17,Circle 17 - Railway Station West & Rewari Jn Goods Yard,Railway Station West & Rewari Jn Goods Yard,"Railway Station Road, Goods Shed Road",15.696,311,Ward 21,Yes,Deepak Saini,Sanitary Inspector,98120-41017,12,1305,"2 Tippers, 10 Hand-Carts",Morning (06:00 AM - 02:00 PM)
Circle 18,Circle 18 - Rewari Bypass North & Anand Nagar,Rewari Bypass North & Anand Nagar,"Rewari Northern Bypass, Anand Nagar Road",15.274,227,Ward 28,Yes,Ravinder Kumar,Sanitary Daroga,98120-41018,12,1270,"1 Tipper, 8 Hand-Carts",Morning (06:00 AM - 02:00 PM)
Circle 19,Circle 19 - Old Court Road & Naiwali Sub-Sector,Old Court Road & Naiwali Sub-Sector,"Old Court Road, Naiwali Main Road",14.259,209,"Ward 2, Ward 28",Yes,Pawan Kumar,Sanitary Daroga,98120-41019,11,1295,"1 Auto-Tipper, 7 Hand-Carts",Morning (06:00 AM - 02:00 PM)
Circle 20,Circle 20 - Circular Road North Outer & Grain Market,Circular Road North Outer & Grain Market,"Circular Road North, Old Grain Market Road",15.23,332,"Ward 26, Ward 27",Yes,Vijay Kumar,Sanitary Daroga,98120-41020,12,1270,"1 Tipper, 8 Hand-Carts",Morning (06:00 AM - 02:00 PM)
Circle 21,Circle 21 - Jhajjar Gate & Bada Bazaar North,Jhajjar Gate & Bada Bazaar North,"Jhajjar Gate Road, Bada Bazaar Main Street",14.94,290,"Ward 25, Ward 26",Yes,Sohan Lal,Sanitary Daroga,98120-41021,12,1245,"1 Auto-Tipper, 8 Hand-Carts",Morning (06:00 AM - 02:00 PM)
Circle 22,Circle 22 - Gokal Gate & Nai Sarak Corridor,Gokal Gate & Nai Sarak Corridor,"Gokal Gate Road, Nai Sarak",14.951,247,"Ward 1, Ward 24",No,Joginder Singh,Sanitary Daroga,98120-41022,12,1245,"1 Auto-Tipper, 8 Hand-Carts",Morning (06:00 AM - 02:00 PM)
Circle 23,Circle 23 - Ghanta Ghar & Dharuhera Gate Core,Ghanta Ghar & Dharuhera Gate Core,"Ghanta Ghar Chowk, Dharuhera Gate, Moti Chowk",15.182,319,"Ward 14, Ward 15",No,Satyanarayan,Sanitary Inspector,98120-41023,12,1265,"2 Auto-Tippers, 9 Hand-Carts",Morning (06:00 AM - 02:00 PM)
Circle 24,Circle 24 - Qutabpur & Balwal Gate Core,Qutabpur & Balwal Gate Core,"Qutabpur Main Bazaar, Balwal Gate Road",15.233,350,"Ward 16, Ward 17, Ward 18, Ward 23",Yes,Kailash Chand,Sanitary Daroga,98120-41024,12,1270,"1 Auto-Tipper, 8 Hand-Carts",Morning (06:00 AM - 02:00 PM)
Circle 25,Circle 25 - Sarafa Bazaar & Old Mandi Central Hub,Sarafa Bazaar & Old Mandi Central Hub,"Sarafa Bazaar, Main Chowk, Bartan Bazaar",16.918,399,"Ward 3, Ward 8, Ward 9, Ward 10",No,Mahesh Kumar,Sanitary Inspector,98120-41025,13,1300,"2 Auto-Tippers, 10 Hand-Carts",Morning (06:00 AM - 02:00 PM)
Circle 26,Circle 26 - Old Tehsil & Civil Hospital Zone,Old Tehsil & Civil Hospital Zone,"Civil Hospital Road, Old Tehsil Complex",15.223,298,"Ward 4, Ward 5",Yes,Subhash Chand,Sanitary Daroga,98120-41026,12,1270,"1 Tipper, 8 Hand-Carts",Morning (06:00 AM - 02:00 PM)
Circle 27,Circle 27 - Circular Road West Inner & Bara Hazari,Circular Road West Inner & Bara Hazari,"Circular Road West, Bara Hazari Road",15.386,291,Ward 5,Yes,Anil Kumar,Sanitary Daroga,98120-41027,12,1280,"1 Tipper, 8 Hand-Carts",Morning (06:00 AM - 02:00 PM)
Circle 28,Circle 28 - Circular Road South-East & Kutubpur Outer,Circular Road South-East & Kutubpur Outer,"Circular Road South, Delhi Road Junction",16.264,288,"Ward 11, Ward 19, Ward 20, Ward 23",Yes,Krishan Lal,Sanitary Daroga,98120-41028,13,1250,"1 Tractor-Trolley, 9 Hand-Carts",Morning (06:00 AM - 02:00 PM)
Circle 29,Circle 29 - South-Central Railway Colony & Loco Shed,South-Central Railway Colony & Loco Shed,"Loco Shed Road, Railway Colony Road",16.232,266,"Ward 6, Ward 19, Ward 20, Ward 23",Yes,Baljeet Singh,Sanitary Daroga,98120-41029,13,1250,"1 Tipper, 9 Hand-Carts",Morning (06:00 AM - 02:00 PM)
Circle 30,Circle 30 - South-East Radial & Industrial Bypass Link,South-East Radial & Industrial Bypass Link,"Konsiwas Road Junction, South Industrial Link",16.184,318,"Ward 7, Ward 20, Ward 23",Yes,Rajender Prasad,Sanitary Daroga,98120-41030,13,1245,"1 Tractor-Trolley, 9 Hand-Carts",Morning (06:00 AM - 02:00 PM)
